居住地,年代,性別,旅行の時期,同行者,評価,タイトル,口コミ
広島,50代,男性,2021-10,家族,とても良い,まあきてみんさい,自然の景色　雅な社殿　ときめきいっぱいの商店街　海のにおい　いいよお
広島,30代,女性,2021-10,友達,とても良い,魅力満載のワンダーアイランドです！,"パワースポットでもある厳島神社を参拝したり、牡蠣やもみじ饅頭、穴子飯をはじめとしたグルメは有名で食べ歩きを楽しめます。

また、カヤックや弥山登山などアクティビティも充実。

おすすめは、商店街の裏路地を散策することです。

商店街の賑やかさとはまた違う雰囲気で、落ち着いた雰囲気のカフェやレトロな文具店などがあり、ゆったりとした時間を過ごすことができます。

和風旅館もあり、世界遺産の島に宿泊できる贅沢も味わえます。"
広島,30代,女性,2021-10,家族,とても良い,宮島グルメ,宮島のグルメを楽しむために母と訪問しました。昼食は、牡蠣屋という牡蠣料理専門店で牡蠣屋定食をいただきました。牡蠣屋定食は、焼き牡蠣、カキフライ、牡蠣飯など、牡蠣料理を一通り楽しむことができます。昼食を食べたあとは、厳島神社と鳥居を眺めてから、GEBURAというレモンを使ったカクテルやジュースが楽しめるお店に行きました。美味しいし、200円でおかわりもできるのでお勧めです。
広島,10代,男性,2021-10,カップル・夫婦,とても良い,牡蠣の聖地,牡蠣好きには堪らないです！！
広島,20代,女性,2021-10,友達,とても良い,宮島観光,試験の帰りに宮島へ寄りました。フェリーから降りてすぐに昼食をとろうとなり、商店街を歩きました。簡単に食べるものを何個か食べたかったため、サンドdeおにぎりのお子様ランチをたべました。椅子がなかったので海沿いのベンチで食べたんですが、シカが二頭ほど寄ってきたので気を付けたほうが良いです。あと、ごみ箱が簡単に見つけれないため、あらかじめ確認してものを食べるのをお勧めします。昼食の後はみやじマリン水族館へ行きました。道のりが遠く、夏だと汗がでるため水分をしっかりと商店街で買いました。水族館に行った後は再び商店街に戻り、かき氷とにぎり天を食べました。最後に紅葉堂で3つもみじ饅頭を買い、夕方前にフェリーで帰りました。
広島,20代,女性,2021-10,友達,良い,宮島に行って,お昼にサンドdeおにぎりを食べた。友達がお子様ランチのおにぎりを食べていておいしそうだった。外で食べていたのでシカに食べられないようにするのが大変だった。シカからはとても獣の臭いがした。この日も大鳥居は工事していた。いつまでやるのかはわからないが、早く工事が終わってほしい。その後、宮島の水族館に行った。意外と遠くて足がとても疲れた。そのあと無事に帰ったが、足が痛いので水族館には当分行かないと思う。
広島,20代,男性,2021-10,友達,良い,鹿の攻撃に注意,あなご飯などの袋を目の届かない所に置いておくと鹿に食べられてしまうので注意してください。
広島,20代,女性,2021-10,一人,とても良い,厳島神社の鳥居,"「厳島神社の大鳥居にお金を挟むとご利益がある」という話はご利益どころかとても罰当たりです。
これは長い間問題になっており、厳島神社の方も「お金を大鳥居に挟むのはやめてほしい」と言われていました。
何がきっかけで始まったのかは定かではありませんが、神聖な鳥居を傷つけていることには変わりないのでやめましょう。"
広島,20代,女性,2021-10,一人,良い,ATMが少ない,"実は、宮島にATMは4か所しかないです。宮島桟橋と表参道商店街にあります。
しかし、ゆうちょ銀行か広島銀行だけなので、他銀行の方は注意してください。"
広島,20代,女性,2021-10,一人,とても良い,観光は徒歩がおすすめ,"宮島へはフェリーで移動しますが、車も移動が可能です。
しかし、おすすめはしません。理由としては「駐車場が少ないこと」、「車で観光しやすい場所ではないこと」です。
宮島の見どころはほぼ徒歩圏内です。
車での観光をしたいのならば、タクシーでいいでしょう。"
広島,60代,男性,2021-09,友達,とても良い,弥山登山大元コースに初挑戦,"宮島の弥山に登るため、今回は初めて大元コースに挑戦しました。
まず厳島神社に参拝した後、宮島水族館を右手に見ながら、大元公園に到着。
大元公園を起点とする大元コースで、弥山山頂を目指しました。
このコースは弥山登山の３つのコースのうち、最も上級者向けと言われています。
紅葉谷コースと大聖院コースは何度か登ったことがありますが、今回の大元コースは初挑戦でした。
登山道のすぐそばを清流が流れ、巨石と奇岩が多く見られるこのコースは、他の２つのコースよりも自然豊かで、チャレンジしがいがありました。
次回は、紅葉の頃にまた訪れたいと思います。
"
広島,20代,男性,2021-09,友達,とても良い,夜間の営業について,宮島に観光にいったときは丸一日をすごすのは難しいと感じた。理由は宮島のほとんどのお店が17時をめどに閉店してしまうからだ。14時ごろに宮島に渡り、観光を始めたのだが、16時頃から観光客の数は減っていき、17時にはほとんどのお店が閉まっていた。本当なら、食べ歩きを満喫したあとにロープウェイに乗る予定だったが、時間が足りずにその日はあきらめた。次回から宮島に行く機会があるときは、11時くらいの早い時間から観光を始めようと思った。
広島,20代,女性,2021-09,一人,とても良い,豊国神社,"豊国神社は一見お寺に見えますが、和様と唐様を組み合わせた建築様式の五重塔のふもとにある神社です。
豊臣秀吉が建立を命じて造られたことに驚きです。
島内では最も大きな建物で、大きな柱が何本も並び、畳約860枚分の広間があります。
紅葉シーズンは特に人気だとは思いますが、新緑と青空も爽やかで綺麗です。
夕暮れには落ちていく日の光がセンチメンタルな光景をつくるそうなので、また訪れたくなる穴場スポットです。
神社なので御朱印もあります。
"
北海道,20代,男性,2021-09,一人,とても良い,綺麗な景色と旅グルメ,とても綺麗な青空が広がっており、赤い厳島神社が際立って美しく見えました。また、周辺には屋台が立ち並んでおり、コッペパンやさくらまんじゅうなどの宮島グルメを楽しむことができました。改修工事が終わったらまた行きたいと思います。
広島,20代,男性,2021-09,友達,良い,絶対に食べたほうが良い食べ物,私が宮島に行くと焼き牡蠣とあなごめしは絶対に食べます。それと、ちょっと高いのですが汐まち庵というお店があるのですが料理がとてもおしゃれで美味しいのでぜひ行ってみてほしいです。
広島,20代,女性,2021-09,一人,とても良い,厳島神社,"宮島は日本三景の1つに数えられます。
広島市から電車とフェリーを乗り継いで1時間程度で到着します。
厳島神社を始めとして見どころ満載の宮島は、お土産屋が建ち並ぶ観光地です。
特に紅葉堂はもみじ饅頭の有名店です。全国で味わえますが、現地でしか体験できない揚げもみじ饅頭がおすすめです。
牡蠣やあなごなどの名産品を提供するレストランも数多くあります。
しかし、色々見て回ろうと思うと1日では足りません。
めいいっぱい楽しみたい方は、島内に旅館やホテルがあるので、宿泊することをお勧めします。
"
広島,10代,女性,2021-08,家族,とても良い,広島の新しい地元料理,"ガンスという食べ物はもともと広島特有の料理としてありました。衣がついた練り物のような薄くてかまぼこ原料の魚のすり身に野菜や一味唐辛子などを混ぜ揚げたものです。スーパーやSAでも販売してあります。
しかし、宮島のものは今まであったガンスとは違い、分厚くてぷりぷり触感です。
表参道商店街にある、「博多屋」というお店が広島のガンスで有名な「三宅水産」とコラボし作られたのが、宮島のガンスの「宮島でガンス」という商品です。注文が入ってからその場で揚げてくれるので、出来立て熱々のまま食べることができます。"
広島,10代,男性,2021-06,カップル・夫婦,良い,素晴らしい観光地でした,お寺などを見たりしてとても充実した時間を過ごすことが出来ました
島根,10代,男性,2021-05,一人,とても良い,弥山登頂,登山目的で宮島に行った。登山道が塗装されており、心地が良かった。
広島,20代,女性,2021-05,家族,とても良い,宮島のグルメについて,"宮島観光に行ったときに、商店街をメインとして食べ歩きをしました。「ミヤジマコーヒー」やコッペパン専門店である「勝谷菓子パン舗」など、新しいお店も増えており、何度行っても飽きないなと感じました。
ミヤジマコーヒーさんでは、アイスクリームを購入しましたが、コーヒーの香りとアイスクリームの濃厚さがマッチしておりとても美味しかったです。オリジナルブランドのコーヒー豆も販売していたので、コーヒーに興味のある方は足を運ぶ価値があると思いました。
個人的に宮島食べ歩きの王道であると感じている揚げもみじも変わらぬ美味しさで、揚げたてあつあつを食べることができるのはとても嬉しい点です。
商店街ではアナゴ飯のテイクアウトもしており、リーズナブルな値段でお弁当を買うことのできる店舗もありました。千円のアナゴ飯弁当を購入し、帰宅してから食べましたが、(やはり高いものと比べるとまあそれなりという評価にはなりますが)テイクアウトでは満足のいくものでした。しかし、やはり汁が漏れやすくベタつくので注意は必要です。
以上の点を踏まえ、宮島はとてもグルメで食べ物の美味しい場所であり、多くの人にお勧めできる場所であると私は思います。"
広島,20代,女性,2021-05,家族,良い,宮島観光について,宮島水族館に行くのと食べ歩きをするために家族で旅行に出掛けました。まず最初に水族館へ行き、2時間ほどゆっくり見て周りました。イベントのブースが設営されており、前回来た時とは趣の異なる、趣旨にあった「映える」キラキラとした水槽で泳ぐ可愛らしい魚達をゆっくりと見ることができとても楽しかったです。水族館を見て回った後は船着場へ戻りながら食べ歩きをしました。数年前と比べると新しいお店も多くなっており、全体的にとても満足することができました。
広島,20代,男性,2021-05,カップル・夫婦,とても良い,綺麗,建物が綺麗で、鹿も可愛い
広島,10代,男性,2021-03,友達,良い,宮島,ゴミ箱が無かった
広島,60代,男性,2021-03,友達,とても良い,先輩友人の定年前旅行案内,岡山から、定年前に宮島を訪れたいと、会社の先輩ご夫婦が来られました。私は近くに住んでおり、月に一回程度は宮島を散歩してるので、お任せください、と休暇を取ってご案内しました。定番ですが、宮島口の「たに吉」でランチを取り、元気なうちに厳島神社からロープウェイで弥山へ、途中、消えずの火で沸かした白湯をいただき、山頂からの素晴らしい眺望に「来てよかった」とご夫妻はとても満足のご様子でした。山を下ってからは大聖院をまわり、修復中の鳥居を観ながら、スタバ2階でコーヒーをいただきました。ギッシリと飾ってある杓文字の壁に、宮島と杓文字の関係について話が盛り上がりました。
広島,10代,男性,2021-03,家族,良い,宮島,"多くの観光客が訪れており、賑わっていました。
私は、まず参拝をするために厳島神社に行きました。
鳥居を見ましたが、改修工事をしていたため全貌を見れず残念でした。
そして、昼食を別で食べていたので、軽い軽食を食べるために表参道商店街に行き紅葉堂の揚げもみじを食べました。熱々でとてもおいしかったです。
私は、遅い時間に行ったため弥山に行くためのロープウェイに乗ることが出来なかったため、宮島を散策することにしました。
春の時期だったので、海から吹く風はとても気持ちよく心地よかったです。
春に行く宮島は最高です。秋と違った楽しみ方もできると思います。
ぜひ宮島に来た際は、いろいろなことをしてみたらどうでしょうか。
"
広島,10代,女性,2021-03,カップル・夫婦,とても良い,とてもいい,自然が好きな人は本当に良かったです！
広島,30代,女性,2021-02,カップル・夫婦,良い,目的なく散策しても楽しい,とりあえず牡蠣が食べたいなという漠然とした目的で行きましたが、お店の中でガッツリと飲食じゃなく、軽食も色々楽しみながら神社やお寺を見る事が出来て楽しいです。個人的には牡蠣以外にも、竹輪がオススメです。あと宮島の地ビールも！今回はロープウェイが運休していて弥山には登りませんでしたが、初めて行く方は弥山からの景色もオススメです！
神奈川,20代,男性,2021-01,友達,普通,工事中の厳島神社,工事中で何も見れなかった。
広島,20代,男性,2021-01,友達,良い,観光に素晴らしい,牡蠣が美味しく、水族館もあるため昼から夜まで楽しめる。夜は厳島神社がライトアップされる。鹿がいることや山、海、川と自然が豊か。
広島,20代,男性,2020-12,友達,良い,１日楽しめる,地元の近くにあることもあり年に1.2回程度または多い時で3か月に1回程度の頻度で訪れています。1日ではすべての場所を訪れることができないので何回も行くのがおすすめです。徒歩で行くと商店街や厳島神社付近をゆっくりと散策することができますが、個人的には車で渡ったほうが人のいない奥のほうにまで行けて、商店街とはまた違った落ち着ける場所もあり、人と会うことが少ないので気持ちをリラックスさせることもできるので新しい魅力を発見することができます。
広島,30代,女性,2020-12,小さなお子様連れ,とても良い,食,"何度訪れても飽きない宮島！
食べ物は最高に美味しいです。
おススメは、焼き牡蠣、あなご飯、揚げもみじ、揚げたてのガンス、にぎり天。
海を眺めながら食べてたらすぐお腹がいっぱいに。
最高のロケーションですが、鹿が寄って来るので食べられないよう注意して下さい。"
広島,20代,男性,2020-11,家族,とても良い,安芸グランドホテルに宿泊,安芸グランドホテルに宿泊しました。ディナーはホテル内のでいただきました。コース料理でとてもおいしかったです。特に、サイコロステーキがとてもおいしかったと記憶しています。祖父母の金婚式もかねて旅行に行ったのですが、サプライズでケーキを用意してもらうなどとてもサービスが良かったです。また、ホテル宿泊者限定で船で大鳥居のそばまで行くナイトクルーズにも参加しました。かつてないほど大鳥居に接近し、スタッフの方に色々説明してもらいました。当時は鳥居の補修工事中だったのですが、逆にレアな鳥居の姿が間近で見れたと思い、満足しています。温泉は、貸切露天風呂に入りたかったのですが、入れず残念でした。朝食はバイキングでした。料理の種類が多く、美味しかったです。2日目の昼に宮島まで行きました。新しくなった宮島口を見るのは初めてで、ettoという施設ができていて、とてもきれいになっていたと思います。宮島水族館に久しぶりに行ってのですが、建物内をペンギンたちが歩き回っていて癒されました。あまり長い時間居れませんでしたが、とても楽しい体験ができたと思います。
広島,50代,男性,2020-11,カップル・夫婦,良い,宮島の秋、いいものです,グランドプリンスホテル広島に宿泊したので、ホテル前桟橋から宮島まで高速船で行けたのがよかったです。厳島神社の大鳥居が改装中で幕に覆われていたのは残念でしたが、その分、秋の行楽シーズンにしては空いていて本社拝殿をじっくり歩くことができました。11月下旬でしたが、紅葉谷公園にわずかに紅葉が残っていて、宮島の秋を名残惜しくも楽しむことができました。
広島,60代,男性,2020-11,カップル・夫婦,良い,弥山からの絶景がオススメ,弥山頂上展望台からの絶景だけではなく、弘法大師開基や修行道場など、随所にゆかりのお堂があり、平安時代にタイムスリップする感覚も魅力。
東京,40代,女性,2020-11,一人,とても良い,宮島の鹿が心配,宮島の鹿が痩せていないか心配で訪問。平和祈念公園から船で宮島へ。上野のあなご、牡蠣、山田屋のもみじまんじゅう、宮島ビールを食べながら、観光を楽しみました。鳥居は工事中の貴重な姿を写真におさめました。
広島,10代,女性,2020-09,友達,とても良い,自然がたくさんありました,"秋ごろに行きました。まだ紅葉が赤い時期ではありませんでしたが、緑の状態でもとてもきれいでした。宮島は鳥居が有名なのもあり、海のイメージが強かったですが、島の内側に入ると緑が多く、自然を楽しめました。
そのほかにもお土産屋さんや食事処も多く一日中楽しめました。焼き牡蠣や揚げもみじは作り立てを味わえるので宮島に行くと毎回食べてしまいます。"
広島,20代,男性,2020-09,友達,良い,夏にピッタリ,"街から離れていて、周辺は海に囲まれて絶景だ。宮島に行くときは、フェリーに乗る必要がある。有名な観光地なので、商店街で売っているお土産や食べ物などのものが値段がちょっと高い。節約したい人は、食べ物を買って行くのをおすすめする。
紅葉揚げが美味しいので、一度味わってみてほしい。
鹿は人に慣れていて、島中でよく出会う。
夏に様々なイベントがあり、花火大会もある。花火大会は、恋人と行くとロマンティックでいいと思う。"
広島,30代,女性,2020-09,小さなお子様連れ,とても良い,宮島水族館,宮島水族館楽しかったですが、遠かったため、また行きたいけどうーーんって悩みます。
広島,10代,女性,2020-08,友達,とても良い,御朱印巡りで行きました,友人と御朱印巡りをするために行きました。朝8時頃にフェリーに乗り、一番初めに厳島神社へお参りに行きました。この時間帯はまだ人も少なかったので、殆ど並ぶことなく御朱印を頂くことができました。次に大願寺、豊国神社、大聖院、宝寿院をそれぞれ周りました。昼食は、お食事処　山一でとりました。雰囲気があり、和食の定食が美味しいお店でした。また周り終わった後は、ミヤトヨ本店の中でアイスもみじを食べました。見た目も可愛いですし、若い人向けのコンセプトでとても良いと思いました。
広島,20代,男性,2020-08,友達,良い,夏休みに行くとピッタリ,夏といえば牡蠣だ。宮島では焼き牡蠣がすごく美味しい。もし宮島に遊びに行くなら、一度焼き牡蠣を味わうことがお勧めです。また、綺麗な海があり、鳥居とお寺などの様々景色を楽しむことができる。
広島,20代,男性,2020-08,家族,普通,宮島水族館,宮島水族館に行きました。沖沿いに歩いて厳島神社の出口のほうから5分くらいで着きます。大きい水族館ではないですが広島らしい水族館だと感じました。少し寒く感じたので、羽織るものがあるといいと思います。
広島,20代,男性,2020-08,友達,とても良い,広島市で行くべきの場所,"宮島は昔から、「神の島」として崇められてきました。
瀬戸内海に浮かぶ歴史と浪漫の島には、嚴島神社の雅やかな社殿や朱塗りの大鳥居が紺青の海と島の自然に見事に調和し平安朝の優雅さを醸し出しています。
食べ物：様々な美味しい食べ物がある。
例えば、穴子。滋味あふれた大野瀬戸で育ったあなごはやわらかく、ふっくらした身が特徴。
牡蠣：高級イメージの強いかきですが、シーズン中の宮島の店頭では焼きかきなどのテイクアウトが用意され、手軽に楽しめます。一度味わうのがおすすめ。
もじみ饅頭：さっぱりとした中に上品な甘さを含んだ味と、多くの人々に愛されています。
イベント：様々なイベントが楽しむことができる。夏には宮島水中花火大会がある。
鹿：人に慣れている鹿がたくさんいた。奈良公園とちょっと違ってせんべい売ってないから、鹿にせんべいを食べさせない。"
広島,30代,女性,2020-08,家族,とても良い,花火大会,もうなくなってしまいましたが、宮島の花火大会は広島の花火大会の中で一番センスが良く、世界遺産とのコラボレーションが感動ものでした。
選択しない,選択しない,男性,2020-08,家族,良い,宮島探訪感想記,"弥山にロープウェイを使って登った。ロープウェイの駅に行くまでにはバスもあるので、利用すると楽に行ける。逆に利用せずに自然の中を歩くのも気持ちが良い。ちょっと疲れるが、楽しい。厳島神社の女神のことが忘れられ、弥山の消えずの炎をカップルにオススメしているのが面白いと感じた。
いった時期が夏だったので、カキを食べようとはならなかったが、カキも売っていた。夏なので、あなごめしの方を食べた。意外と値段が店によって違う。"
広島,20代,男性,2020-08,友達,とても良い,弥山山脈の良さを伝えました。,友達が広島に帰省した時に宮島に行きたいと言っていたので、せっかくだしという事で宮島に行ってきました。私は前回、御朱印を貰いに弥山山脈に初めて登りましたが、とても綺麗な景色を伝えたかったので、自身では２回目の登山に敢行しました。途中のロープーウェイの景色、山頂での景色を見てもらい、とても満足してくれた反応だったので、勧めてよかったと思います。宮島での弥山山脈は、なかなか知られていないと思いますが、厳島神社だけでなく、是非目を向けて欲しいです。ロープーウェイの景色、山頂での景色は素晴らしく達成感も味わえると思います。
広島,10代,男性,2020-07,家族,とても良い,宮島の紅葉シーズン,家族で紅葉を見に行こうと、宮島に行くことになり船乗り場付近の駐車場がとても混んでいて、宮島に渡るまで時間がかかりましたが、紅葉がきれいな場所に行くと普段は見れないような景色が広がっていてとてもきれいでした。その後、揚げもみじ饅頭を食べ、充実した一日を過ごすことができると思います。
広島,40代,女性,2020-07,家族,とても良い,厳島神社で結婚式,"（結婚式）
毎月1日に結婚式受付の電話を受付をしております。例えば2021年の9月1日に電話で予約すると来年の9月の結婚式の申し込みができます。しかし電話が殺到して中々予約の電話がつながりませんでした。結婚式の予約が取れると厳島神社の社務所に行きまして、結婚式までやっておかなければならないルールが説明されます。結婚式が悪天候の場合、船が出せずキャンセルになりますが、雨天でしかできない写真撮影ができます。能を舞うお堂らしき場所で写真撮影してもらえます。カメラマンは厳島神社と契約したカメラマンの方しかできません。厳島神社には入っていいところと入ってはいけないところがある為、外部のカメラマンの方に頼んではいけないとのことでした。十二単で結婚式を行う方もいらっしゃいます。

（弥山について）
夏の花火大会や弥山の登山も大好きです。弥山登山は意外ときついのですが山頂からの眺めはいいですし、シカがいてびっくりしました。登山途中のお寺では観光客しかいないように思いましたが（住職らしき方はおられなかった）ずっと線香を炊いて火が消えたことないそうです。

（お土産）
「杓文字の家」の小さなしゃもじ型の記名してもらえるキーホルダーがおすすめです。
揚げもみじも大好きです。

（顔はめ）
宮島には顔はめがたくさんあります。記念写真にいいと思います。



"
広島,20代,男性,2020-06,家族,良い,広島の味,"宮島はもみじ饅頭屋もたくさんあり、にしき堂では手作りでもみじ饅頭を作ってできたてを食べられる体験プログラムもあり楽しかったです。
もみじ饅頭だけでなく、穴子めしや穴子入り竹輪など穴子もおいしくいただきました。
宮島の鳥居が描かれたしゃもじ型の木板に切手を貼って手紙として思い出を残せるのも良いと思った点でした。"
広島,20代,女性,2020-06,カップル・夫婦,普通,穴場を知っているとより楽しい,宮島に訪れた際は食べ歩きやカフェに立ち寄っています。宮島名物の揚げもみじやにぎり天を食べながら観光するのが好きです。ですが、神社やお寺などにあまり興味が無い為、食べるだけで特に他にやることがなく、いつも友人たちと「どこ行くー？」「何するー？」となってあまり長時間滞在できません。なので、穴場スポットなど宮島にはどんな場所が他にあるのか、何ができるのか、写真映えするところはどこかなどたくさん知ることができればより楽しめるのではないかと思います。
広島,20代,男性,2020-05,家族,良い,鹿に対する注意点,鹿に餌を与えるのが禁止されているため、鹿せんべいの販売も行われておりません。そのためお腹を空かせた鹿に物を食べられる恐れもありますので気をつけた方がいいです。
広島,20代,女性,2020-05,友達,良い,インスタ映え,"隠れ家的なカフェやインスタ映えするようなスポットもあり、友達と行ってもカップルで行っても楽しめるような場所だと思います。
さらに、牡蠣やもみじまんしゅうのようなThe宮島的な食べ物がそこらじゅうに売ってあって行列もなくサラッと購入できる所もいい所だと思います。"
広島,20代,男性,2020-05,友達,良い,水族館と神社,五月に三人でバイクで行き、駅の駐輪場に停めました。厳島神社の大鳥居は潮が満ちていたため、行けず近くで見れなかった。その後は宮島水族館に行った。マリホ水族館より少し高いが、展示は多く楽しめた。
広島,20代,女性,2020-05,家族,良い,宮島商店街について,宮島商店街にはたくさんの店があり、特に自分がおすすめするのは揚げもみじのお店だ。揚げもみじは宮島でしか食べることのできない名物なので、訪れた際には是非食べてもらいたい。しかし、商店街には、似たようなお店が多く並んでいる。先述した揚げもみじのお店もそうだが、特に多いのがお土産のお店だ。もみじ饅頭一つとっても様々なメーカーのものがあるし、キーホルダーや宮島の特産であるしゃもじを取り扱っている店も多くある。その場で選ぶのももちろんいいと思うが、お土産選びで後悔しないためにも、事前にどのお店のものが良いものなのか下調べをしたほうが良いと感じた。
広島,20代,男性,2020-04,選択しない,普通,宮島の見どころ,宮島には数々の名所がありますが、他を捨ててでも行くべきなのは厳島神社です。宮島という島は神の島とも呼ばれており鹿やもみじ饅頭はそのおまけです。もみじ饅頭や牡蠣は宮島でなくても食べられますが、厳島神社だけは実際に行かなければ見られません。さらに、現在は大鳥居が工事中なので今しか見られない工事中の風景を見ることができます。夜になると照らされた大鳥居の囲いが海に反射して美しい景色を見ることができます。神社の中も美しい朱塗りの本殿が厳かな雰囲気を醸し出し、長い歴史を感じることができます。
広島,20代,男性,2020-03,友達,良い,宮島に行った感想,宮島では、美味しいものがたくさんある代わりに、物価が少し高いので、少し多めに手持ちを持っていくと、安心かもしれません。揚げ紅葉が個人的にオススメなので、訪れた際には、ぜひ食べてみてください。スポットとしては、厳島神社の他にも、、スターバックスや様々な屋台もあったと思うので、それらでも、十分楽しめると思います。鹿もいます。かわいいですが、前回、紙袋を食べられてしまったことがあるので、その点を気を付けてください。行ったことの無い方は、一度行ってみると良いかもしれません。きっと、リフレッシュすることができると思います。
広島,20代,男性,2020-03,友達,とても良い,日本が世界に誇れる神社,"フェリーに乗ってぶらり宮島の旅に向かいました。中学から数回訪れてる宮島ですが今も昔も変わらず美しいままでした。鳥居は工事中で見れませんでしたが、それでも神社やお土産屋さんや宮島でしか味わえないグルメを頂いて帰りました。
外国人の方も多く見受けられました。
世界に誇れる島、宮島是非いらして見て下さいね"
鳥取,40代,女性,2020-02,ビジネス,とても良い,牡蠣満喫，レモン,広島産の牡蠣をとことん満喫できました。お酒にも合い，牡蠣づくしなのにリーズナブルで，お洒落なお店でした。レモンジュースもフレッシュで美味しかったです。
広島,30代,女性,2020-02,ビジネス,とても良い,保存修理工事中の大鳥居,大鳥居は保存修理が行われていて、足場とネットにお覆われています。大鳥居が見えないのは残念ですが、夜は、保存修理中の大鳥居がライトアップされて金色に輝き、これはこれで貴重な景色だと思います。修理は数年かかる予定だそうです。修理中でない大鳥居が見たい方は、修理の状況を確認した方がよいでしょう。
広島,10代,女性,2020-01,家族,普通,宮島での初詣,恒例行事として、毎年宮島に初詣として家族で行っています。朝一番に宮島行きのフェリーに乗り、厳島神社に早く入ってお参りをし、その後軽い観光をしています。厳島神社や鹿は写真として映えやすく、記録としていつも取っています。宮島の食べ物としてはもみじや牡蠣などが有名ですが、私はいつも露店で焼かれている焼きたてのちくわを食べています。ありふれたものですが、焼きたてのちくわはってもおいしいのでお勧めします。
広島,10代,男性,2020-01,友達,とても良い,綺麗な鳥居,鳥居がとても綺麗でした　時間によって波の高さが違ったのでそこも面白いと思いました
広島,50代,女性,2020-01,友達,良い,初詣,毎年、初詣に宮島を訪れていました。到着すると、すぐに食事（飲み）をします。ここ最近は宮島口の宮島ボッカアル・ケッチャーノを利用しました。他には、宮島レ・クロ、牡蠣屋等。大鳥居（干潮の時は必ず近くまで行きます）、厳島神社、五重塔等を参拝します。歩き疲れるのが早いので、牡蠣祝ですぐに休憩です。宮島の土産物屋を物色しながら、岩村のもみじ饅頭（つぶあん）やうえののあなご飯をお土産にして帰ります。宮島は冬が良いです。夏は暑いので…。コロナ禍のため、今年は初詣には行けませんでしたが、大鳥居が完成したら、久々に訪れたいです。
広島,40代,男性,2019-11,ビジネス,良い,外国人を連れて行くなら外せない観光地です。,"外国の方々を宮島観光に案内しました。厳島神社などの歴史的建造物に限らず、日本的な古い町並みを観ていただけるので、日本という国のミニチュア版のような感じです。
ただ、観光のメインである大鳥居が修繕中だったのが残念でした。"
山口,50代,女性,2019-11,家族,とても良い,弥山登山,"弥山に何度か登りました。
スポーツシューズで涼しい時間を選べば、初心者でも登りやすいです♪
途中にロープウェイがありますが、休日は混みます。
ロープウェイ降り場は売店があります。そこから30分ほど歩くと山頂です。
山頂はトイレだけで売店はないです。
山の上から景色もよいし、
パワースポットでマイナスイオンでいやされます☆
下に降りると穴子めしや牡蠣、焼きたてのもみじまんじゅう等美味しいものも楽しめます！"
広島,20代,男性,2019-11,友達,悪い,自然がたくさんあったけど、工事中だった。,"自然がたくさんあって、その点はよかったです。食べ物も充実していたし、お土産屋でも色々な商品が置いてあって面白かったです。ただね、だた、工事中で鳥居が見えなかったんですね。厳島神社の大きなシンボルじゃないですか、鳥居って。だからその点が非常に残念で、満足度としては少し下がってしまうのよね。次は、鳥居が見える時期に行けたらいいなと思います。でね、いつ終わるか調べたんですよ、したら工事期間が2,3年かかるらしくて、工事期間がかかりすぎたと思いました。"
広島,20代,女性,2019-11,友達,良い,鹿と共に観光,宮島の観光スポットには、鳥居や神社など様々な場所があるが、どこに行っても鹿がいる。宮島のフェリー乗り場近くには多くの屋台が出されているが、そこで食べ物を買うと鹿が近寄ってきて、食べ物を食べで来ようとする。警戒心が薄く、鹿とはすぐに触れ合うことができるのが良い点の一つ。お店が並ぶ通り近くにも鹿がいて、海の近くにも鹿がいるため、鹿たちと一緒に観光をしている気分になれる。
広島,30代,女性,2019-11,家族,とても良い,山登りしました,"観光と、山登りをしました。山登りは思ったよりハードでしたが、自然を楽しみながら山を登れました。そして、山頂の景色がとても綺麗でした。その後に観光もしたのですが、土日で観光客も多く、至るとこのお店で行列ができていました。食べ歩きをしたのですが、揚げてある紅葉まんじゅう、揚げ紅葉が一番美味しかったです！
"
広島,30代,女性,2019-10,友達,良い,宮島観光,久しぶりに宮島へ友達と行きました。観光客はそんなに多くなくて、観光しやすかったです。厳島神社に行きました。牡蠣屋でかきのセットが食べました。また、サラスヴァティというカフェにも行きました。カフェはおしゃれで落ち着いていてかわいかったです。厳島神社はとてもきれいで、パワースポット感を感じました。鳥居が工事中で、記念撮影をしたかったですが、残念でした。
山口,20代,女性,2019-10,家族,良い,最高,弥山に登りました。道も整備されており難易度に合わせて3コースに分かれていたので、初心者の人にも登りやすいと思います。大聖院では愚痴聞き地蔵という地蔵もいて、新鮮でした。また、ろうそくも売ってあり学業成就を祈りました。頂上付近の岩もダイナミックで見ごたえがあり、行くたびに弥山に来たーと感じます。頂上ではおむすびを食べました。角の生えた鹿もいて自然を感じました。また、景色もきれいで癒されました。トイレも頂上なのにとてもきれいでした。
広島,20代,男性,2019-10,家族,良い,厳島神社,"この神社はあまりにも有名で全国に同盟の神社が存在するほどです。この厳島神社はその総本山です。朱赤の美しい社殿で絶景として親しまれるのも納得の華やかさがあります。世界遺産にも登録されていますが、納得の美しさでした。宮島全体の注意としては、鹿がいるためゴミ箱が少ないので気をつけてください。
"
広島,20代,女性,2019-09,友達,良い,インスタ映え,宮島のみやじま食堂というところには、「鹿のウンティー（UNTEA）」という抹茶ミルクティーのタピオカが売られています。鹿のウンティーは、名前の通り、タピオカを宮島にいる鹿のふんに見立てて作られたタピオカミルクティーです。味は、黒糖の味が強くて、とても味わい深かったです。見た目と名前のインパクトが強いため、インスタ映えするのではないかとも思います。
広島,40代,女性,2019-09,友達,とても良い,町屋通り周辺が静かで歩きやすい,町屋通りは古民家が軒を連ねる通りで、風情を感じられる。古民家の中はカフェや雑貨店になっており、ゆっくり時間を過ごすことができる。人が多いアーケードと違って、町屋通りは人がまばらなので、自分のペースで観光できる。宮島工芸の手仕事的なお土産も買うことができる。
広島,20代,男性,2019-09,友達,良い,自然の中でバーベキュー,"ゼミで包々浦自然公園のバーベキューハウスでバーベキューをしました。バーベキュー道具はレンタルできて道具を準備をしなくても大丈夫です。シカが入らないようにバリケードをしないと入ってきて大変ですが自然を楽しめることができるのであまり気にしなくても大丈夫です!
"
広島,20代,男性,2019-09,カップル・夫婦,とても良い,宮島,雰囲気がすごくいい、散歩に最適
広島,40代,男性,2019-09,ビジネス,とても良い,海水浴とバーベキューを楽しめる最高の場所,ゼミ合宿で包ヶ浦自然公園 キャンプ場を利用しました。バーベキュー会場のすぐ近くに砂浜があり、海水浴も楽しめます。食材付きで手ぶらでも楽しめるプランもあるようです。但し、フェリー乗り場から結構距離があるので、徒歩の場合は気合いを入れる必要があります。でも良い思い出になるかも。
広島,20代,男性,2019-09,ビジネス,普通,不便,大学の行事で宮島へ行ったが、コンビニがなく朝早くからやっている店などがないため朝食には苦労した。
広島,20代,女性,2019-09,友達,とても良い,姿を変える厳島神社,満潮の時には海に浮かぶ厳島神社や大鳥居を見ることができます。干潮の時には大鳥居の近くまで歩いて行くことができます。時間によって厳島神社の景観が異なるため、満潮干潮の時間を調べてから訪問した方がよいと思います。夜の厳島神社のライトアップは綺麗ですが、飲食店は閉まるのが17～18時ごろと早いため注意してください。夜の宮島を楽しみたい方は島内に宿泊することをお勧めします。
広島,60代,男性,2019-08,ビジネス,とても良い,ハワイとのつながり、,宮島とハワイのつながりと言っても、ほとんどの人は分からないと思いますが、ハワイへの移民をたくさん出している広島県ならではのことです。ハワイに移民した広島県人が、厳島神社に灯篭やしめ縄のための石柱を寄付していて、寄付者の住所や名前が刻まれています。遠く、ハワイからも故郷の一宮である厳島神社への信仰を忘れていないことが分かります。
広島,20代,男性,2019-08,友達,良い,訪れた場所,"揚げもみじが食べられる「揚げもみじ発祥の紅葉堂　本店」にいきました。ここは、宮島に行くとき必ず行く場所でもあります。種類は4種類あり、あんこ、チーズ、クリーム、レモンがあります。その時食べたのはクリームでした。ふつうのもみじ饅頭とは違って、外は衣で覆われていつためサクサクとし、中はもっちりとしていて熱々でとても美味しいです。店内で食べるのもゆっくりとでき、お茶も飲めて良いのですが、店外に出て宮島の風景や街並みを見ながら食べるのも最高です。
　揚げもみじを食べ終えた後は、宮島水族館へ行きました。ここには350種類もの生物がおり、宮島の景観になじむような「和」を意識したデザインとなっています。ここで印象的だったのがカキの養殖が実際に見ることができるという点でした。実際に海の外からカキの養殖の上だけを見ることはよくありますが、水中までみることは普段ありません。しかし、宮島水族館ではガラス張りになっているため、水中までみることができ印象に残りました。広島ならではの水族館という感じで個性的だと思います。
　丸一日を使って楽しめますが、歩き疲れるのは間違いないと思います。"
広島,20代,男性,2019-08,友達,とても良い,行くだけで浄化される。,"宮島は私にとって欠かせない場所です。特に必ず訪れるのは大聖院。御礼参りやお願い事で参拝しに行っております。多くの観光客は商店街と厳島神社など下の方で済ませがちですが、大聖院へ足を運んで頂くと宮島の魅力がより一層理解できると思います。
食べ物はミヤトヨにあるスイートポテトのもみじ饅頭。必ず頂いています。"
広島,20代,男性,2019-08,家族,良い,鹿に注意,宮島のフェリー乗り場から厳島神社まで海沿いの道を歩いていると鹿が寄ってきてズボンのポケットに入っていたお菓子を食べようしてきました(´･ω･`)。宮島に来るときはポケットやカバンに食べ物を入れるのはやめたほうがいいです。
広島,20代,男性,2019-08,友達,とても良い,花火を見に行きました。,当時、厳島神社の大鳥居が工事中で残念でしたが、宮島花火大会名物の水上花火は圧巻の美しさでした。また、そこら中に鹿が歩いており、人の往来に溶け込んでいるのがとても面白かったです。にぎやかな商店街から奥に入ったところにある「あなごめし　和田」のアナゴ飯も絶品でした。
広島,20代,女性,2019-08,友達,とても良い,初めて揚げもみじ食べた,"今回は友達と一緒に行きました。今まで何回か宮島には行ったことがありましたが、今回で初めて揚げもみじを食べました。普通のもみじ饅頭とラインナップが一緒だったので、普通のもみじ饅頭と一緒に買って食べましたが、揚げもみじの方が格段においしかったです。
私もだいぶ大人になってきたので、今度はおいしいと噂のあなごめしに挑戦したいです。"
広島,10代,男性,2019-08,選択しない,良い,観光,全体的にモノの値段が高く、学生にとっては手の届かないものもあったが、街並みを見たり、宮島水族館や厳島神社の中に入って実際に自分の目で楽しむという点では、かなり貴重な体験になりました。ご飯もおいしく、観光地のわりにごみなどが散らばっていることもなくきれいだったので、気持ちよく観光できました。シカに軽食や荷物をあさられたりすることだけ注意していれば、町の人はとてもやさしくて親しみやすいので、特に心配することもないと思います。
広島,20代,女性,2019-07,家族,良い,宮島の思い出,宮島についてすぐ、みやじマリン宮島水族館へ行きました。当時夏だったためすごく暑く、駅から水族館へ向かうときは何度も休憩しながら向かいました。そこではカワウソのぬいぐるみが当たるくじ引きをしていて、私は三等の小さいぬいぐるみ、姉は二等の少し大きめのぬいぐるみが当たりました。水族館から出ると、厳島神社の大鳥居へ向かいました。来た道をもう一度帰るのはとても疲れたので途中でかき氷を買って食べながらゆっくり帰りました。大鳥居を見終わると、昼食を食べました。表参道商店街の紅葉堂本店で揚げ紅葉（クリーム）と牡蠣屋の牡蠣を食べました。食べ終えたらしばらくぶらぶら歩いていたのですが、ついに暑さに限界が来てしまったためフェリーに乗って帰りました。
広島,20代,男性,2019-07,一人,とても良い,1度じゃ味わいきれないので何度も来てほしい,"宮島は世界的にも有名な観光地です。
日本の観光客以外にも多くの外国人観光客が訪れています。

宮島と言えば、海に浮かぶ厳島神社です。
島に渡るフェリーから大鳥居と厳島神社を眺める事ができますが、潮が引いて入る時は浜を歩いて鳥居の側まで行くことができます。近くまで行くとその大きさと重量感を感じる事ができます。
潮の満ち引きのタイミングが合えば、ぜひ近くまで行って貰いたいです。

また、宮島は厳島神社だけでは無いと思っています。宮島には美味しい食べ物が沢山あり、グルメを目的に訪れるのも楽しみ方の一つだと思います。お好み焼き、焼き牡蠣、もみじ饅頭、穴子など様々です。
特にもみじ饅頭は、やまだ屋、藤い屋、紅葉堂と複数のメーカーが並びます。それぞれ食べ比べてみて欲しいですし、紅葉堂の揚げもみじは是非食べ欲しいです。最初は「え、揚げたの？なんで？」と思ったのですが、食べてみると普通のもみじ饅頭には無いサクサクした食感と揚げた事でより生地の甘みが増す気がします。
本当に美味しいものが多く、一度では味わい尽くせないと思うので、何度も来て欲しいと思います。"
広島,10代,男性,2019-07,友達,良い,安芸の宮島,旅行者はホテルや旅館があるので安心して訪問することができると思います。また、海が見える部屋や露天風呂の付いた部屋などがあります。広島市内から行くには主に電車・車の２種類の方法があります。電車は広電宮島線、JR山陽本線です。電車で行かれる場合にはJRを利用する方が多いです。厳島神社、水族館には歩いていくことが可能です。しかし、水族館は距離があります。弥山へはロープウェイで途中まで登ることができ、手軽に登れると思います。メインの場所は桟橋から右に行ったところにありますが、桟橋を左に行くと包ヶ浦自然公園があり、知る人ぞ知るスポットでもあります。これら以外のスポットでは、町屋通り、多宝塔、大聖院などがあります。個人的に多宝塔がおすすめです。少し高台にあるので大鳥居と多宝塔を入れた記念写真が撮れます。春は桜の名所としても知られています。食に関しては、牡蠣、穴子、もみじ饅頭などがあります。あなごめしは、JR宮島口駅の近くにうえの屋という有名なお店があります。多くの観光客・旅行者はもみじ饅頭を買って帰ります。購入できるお店は色々あり、食べ歩きもできます。
広島,10代,男性,2019-07,友達,良い,宮島,もみじ饅頭などお土産を買える店が多くあり、鳥居や水族館など巡る所が多くある
広島,20代,男性,2019-07,ビジネス,普通,観光地,"観光地としては満足のいく環境であると考えるが，広島県に在住する者にはあまり魅力が感じられない。
"
広島,20代,男性,2019-07,友達,とても良い,自然な宮島,船に乗って島に行く途中、世俗から離れた感じがしました。島の入口の広場は人と鹿が入り交じっていて、人と自然の距離がいっそう近くなったようでした。島の中の建築が古くて、色々な店舗が並んでいた。すごく賑やかです。観光客に深い歴史を感じさせました。外国人として初めて日本の文化に魅力を感じた。友達と一緒に様々な食べ物を味わって、再び驚きました。それに、山が紅葉で赤く染められていました。絵のように美しいです。大鳥居はまだ修繕していましたが、遠いところから見るとても壮観です。本当にいい経験でした。
広島,20代,男性,2019-06,友達,,少し残念というのが正直な気持ち,"東京から来た友人と宮島へ観光に行きましたが、鳥居が保全工事中だったため、鳥居の大部分を見ることができませんでした。
友人は楽しんでいましたが、やはり目玉の鳥居を見ることができなかったのは残念です。
午後に食べた穴子飯は美味しかったです。
友人はまた行きたいと言っていました。"
広島,20代,男性,2019-05,友達,とても良い,とても満喫できました！,宮島に2019年に訪れましたが、建造物やその他の歴史的なものが沢山あり、とても満喫できました！
岡山,20代,男性,2019-05,家族,良い,GWの家族旅行,令和元年の5月に家族で行きました。フェリーを降りたすぐのところに「祝　令和　ようこそ宮島へ」と書かれた垂れ幕が掲げられていました。宮島のあちこちに鹿がおり、おとなしいのもいれば観光客にいたずらしているのもいました。鳥居をメインに見に来ましたが干潮の時刻を過ぎていたため鳥居の真下までは行けなかったのと曇りだったのが少し残念でした。
広島,20代,男性,2019-05,友達,とても良い,水族館までの道のりが整備されている,水族館目的で訪れたのですが観光やお食事処などの道が分かりやすく整備されていて、移動中にも観光やごはんなどが楽しめるのでとてもスムーズにいろいろなものを堪能することができた。
香川,30代,女性,2019-05,友達,とても良い,鳥居改修前,"海に浮かぶ鳥居の改修前だったので、船にのって鳥居の下まで行けました。
干潮の時に訪れたこともありますが、初めて行く方は満潮とかの海に浮かぶ鳥居が見られるタイミングが良いと思います。"
広島,10代,男性,2019-04,選択しない,普通,宮島,包々浦自然公園では、バーベキューを楽しむことができます！
広島,20代,男性,2019-04,友達,とても良い,よきかな,観光しました。揚げ紅葉うまいっす
広島,20代,女性,2019-04,友達,良い,食べ物がおいしい,揚げ天や揚げ紅葉饅頭など、宮島でしか楽しめないフードがたくさんで、観光客でにぎわっていました。宮島水族館では、老若男女どの年代も楽しめるようになっており、施設もきれいでした。
広島,20代,男性,2019-04,友達,良い,1日楽しめます。,揚げもみじを是非食べてみてください！
広島,30代,女性,2019-03,家族,とても良い,ペットと宮島観光,"ワンちゃんと一緒に宮島を訪問しました。宮島の鹿は人に慣れていて、一緒に写真を撮ることができますが、ポケットなどからも物を取られることがあるので、鹿が近くでは注意してください。今回は、ペットカートにかけていたビニール袋を鹿に取られそうになりました。
ワンちゃんはカートに入れていれば、なんと厳島神社に入ることができます。厳島神社内では、海外からの観光客の方に、ワンちゃんの写真を撮らせてとたくさん声をかけてもらいました。
ご飯は、宮島表参道商店街で食べ歩きをしました。紅葉堂の揚げもみじと、GEBURAの広島レモンジンサイダーがお勧めです。"
広島,10代,女性,2019-03,家族,とても良い,宮島旅行,"祖母の誕生日のお祝いで宮島に訪れました。まず、みやじマリン水族館に行き、魚やカワウソなどを見ました。その後、MIYAJIMA BREWERYというお店で昼食を取りました。母と祖母はお酒が好きなのでビールを飲み、私は殻付き牡蠣や牡蠣のパスタなどを昼食に食べました。そして、宮島別荘というホテルに一泊しました。中はとてもきれいで、モダンな雰囲気でした。
宮島は何度か訪れることがありましたが、以前より鹿が少なくなっているような気がしました。"
広島,20代,女性,2019-03,選択しない,とても良い,宮島合宿,大学の合宿のために宮島に行きました。宮島では、島内を探索し、千畳閣や大聖院をまわったり、弥山に登ったりしました。おすすめの食べ物は、1番有名で美味しい揚げもみじももちろんいいのですが、経済大学が所有している建物、成風館から歩いてすぐにあるぺったらぽったら本舗というお店のぺったらぽったら焼き(あなご入りか牡蠣入り)という食べ物もおすすめです。また、おすすめスポットは、弥山の頂上にある展望台と弥山にあるロープウェイです。展望台からはとても綺麗な景色を見ることができ、ロープウェイでは、弥山の間を通りながら四季折々の景色を楽しむことができます。
広島,20代,女性,2019-01,友達,とても良い,初詣,"宮島でアルバイトをしていたのですが、大晦日から元旦にかけて勤務してそのまま初詣に行きました。夜中にはお店などあいてないのですが、一日にはお店もやっているところが多いです。冬は外寒いのでカフェなどで時間過ごすことがおすすめです。おすすめのカフェは天心閣というカフェです。おいしいコーヒーが飲めます。夏は外を歩くと暑いので、千畳閣に行くことをお勧めします。千畳閣は山の高いところにあるので風通しがよくて涼しいです。
厳島ジンジャーエールという厳島神社とかけたユーモラスなネーミングのドリンクがあります。ドリンクスタンドで売っており宮島でできたショウガから無添加で作られた本物のジンジャーエールが楽しめます。本当においしいです。
signalという主に陶器を扱う食器屋さんは中国地方の作家さんからいろんな作品を取り寄せており小さなお店ですが、知る人ぞ知る素敵な食器雑貨店です。
アルバイト経験者からのマニアックな宮島観光スポットですがとてもおすすめです。"
山口,10代,男性,2019-01,友達,普通,宮島,宮島に友達と遊びに行ったが、屋台が沢山あって水族館もあったので暇することなく楽しむことができた。もみじまんじゅうと海鮮丼を食べた。非常においしかった。
広島,20代,女性,2019-01,カップル・夫婦,良い,思い出作り,"2年前の年始、彼氏と思い出作りの為、宮島に行きました。朝は弥山を途中まで登山し、もみじ饅頭を作りました。水族館や鳥居も観光し、今でも記憶に残っています。
潮風が強く、かなり冷え込みましたが、登山すれば身体が温まるので問題ないかと思います。しかし、体調には気を付けてくださいね！🙌"
山口,10代,男性,2018-12,友達,とても良い,宮島の自然を生かした体験,"2018年の冬の頃、ちょうど真冬にさしかかったすごく寒い日でした。
宮島の包ヶ浦公園にキャンプや釣りなどのアウトドアをしました。
大鳥居とは逆の方面にあるので、人の数はメイン通りに比べる少なかったです。
しかし、釣りも穴場な場所が多くて、根魚が多く生息していました。
それに、テニス場もあって、ちょっとしたスポーツもできちゃうことがここのいいとこです。夏には人気でなかなか予約が取れなくなるので、夏の思い出作りに最適なとこです。"
広島,50代,男性,2018-11,ビジネス,とても良い,宮島で大人数の懇親会をする,宮島で研究発表会に参加し、当日不参加の人が出たと聞いたので、懇親会に参加しました。宮島で夜遅くまで開いている店はすくなく、たぬきが目印の「まめたぬき」という店で開催されました。店から隣のホテルにつながっているようで、大人数の懇親会はホテルの宴会場でした。初めて参加しましたが、料理もおいしく、量も十分にありました。宮島で大人数の懇親会をするときには、この店がお勧めです。
広島,30代,女性,2018-11,友達,良い,シャネルマツリ　宮島成風館にて,2018年11月に成風館１階で行われたシャネルマツリへ行きました。家族、友人、カップルなど多くの方が訪れていました。大聖院へ訪れたあとに、伊都岐珈琲のアイスクリームを食べました。その時には、訪れませんでしたが、みやじマリン水族館でペンギンと触れ合う体験が行われていたことを思い出します。牡蠣入りのカレーパンも宮島以外でみたことはありません。最近では、岩惣の別館でＢＥＡＭＳのポップアップストアが出来ていると聞きました。私は、古き良き時代から変わらない宮島の建造物やもみじまんじゅうが好きですが、話題性のある最新の宮島も楽しく、魅力的に思います。
広島,40代,女性,2018-11,ビジネス,とても良い,シャネル祭り,宮島内で実施されていたシャネル祭りに行事で参加しました。シャネルとお祭りが合わさった今までに聞いたことのないイベントでした。シャネルというとすこし敷居が高いように思えますがピンボール釣りやくじ引きなどもあり、童心に戻って楽しむことができました。お昼ごはんはあなご飯を食べましたが、レストランのある施設がとてもきれいでゆったりとくつろぐことができました。
広島,30代,女性,2018-11,小さなお子様連れ,とても良い,安芸（秋）の宮島,"紅葉狩りに訪れたのですが11月下旬でしたので、もう遅いかなとあまり期待していなかったのですが、まだ赤い紅葉も沢山あり、少し遅い秋を感じることができました。
フェリーで宮島に行く前に、「うえの」という人気店のあなご飯をテイクアウトし、宮島に渡ってから食べることにしました。
フェリーを降りて少し歩いたところで座って食べようとしたのですが、鹿が近づいてくるので、落ち着いて食べられませんでした。
5歳の娘は、人間に慣れた鹿を最初は少し怖がっていましたが、帰る頃になると触られるようになっていました。
紅葉に癒されるなど、非日常な空間を味わえました。"
広島,50代,男性,2018-11,家族,とても良い,弥山登山,家族4人で弥山登山を体験してみました。妻と娘はロープウェイを使って山頂を目指しました。私と息子は2人とも脚力に自信があったので難なく登れると思って、ロープウェイは使わないルートで山頂を目指しました。結構な道のりでとても苦しかったことを今でも覚えています。土産物はもみじ饅頭を買って帰りました。当時話題だったコッペパンのお店にも立ち寄ったと思います。
広島,40代,男性,2018-11,家族,良い,宮島さんぽ,宮島についてたら、宮島水族館を目指してビーチ沿いを散歩する。宮島水族館のあとは、のんびり弥山を登る。下山したら、商店街で食べ歩き（揚げもみじ、にぎり天）をしながら、フェリー乗り場に向かい帰宅する。
広島,10代,男性,2018-10,家族,良い,もう一度訪れたい,船に乗って島に行き、厳島神社を参拝した後にお土産を買った。天候も良好だったので船の上からでも神社がよく見えた。下船した後に鳥居付近まで近づいてみると、たくさんの小銭があった。歩いている道中には鹿が普通に歩いており、食べ物を持っていると密着されるので大変な思いをした。お土産の種類も多かったので悩んでしまったが、自分が欲しいものが見つかったので良かった。
広島,40代,男性,2018-10,家族,良い,宮島水族館,"娘が「水族館に行きたい」と言うので，今回は宮島水族館に行ってきました．
船着き場から少し離れたところにあるので，厳島神社と大願寺に参拝してから水族館へ．
規模はそれほど大きくないけれど，カキ養殖いかだが見られるのは広島らしい感じで良いと思いました．
イベントスペースではドクターフィッシュ体験やミヤジマトンボ（？）のペーパークラフト体験などがあり，娘も楽めたようです．
お昼は水族館内のフードコートで食べたのですが，瀬戸内海の景色を見ながらゆっくり過ごせました．

海響館のような本格的な水族館とは比べられないけれど，広島市内から行ける近場の水族館としてはおすすめです．"
広島,20代,男性,2018-09,選択しない,普通,隠れたおいしいごはん屋さん,宮島港を降りてすぐのところに人気の少ない小さな食堂があります。手ごろな価格でおいしい料理を堪能することができます。
広島,60代,男性,2018-09,選択しない,とても良い,同窓会,卒業した高校の同窓会が宮島で開催されたので参加しました。高校時代、宮島には、秋の遠足、冬の持久走大会、新年の弥山のお参りなどで度々訪れていました。同窓会は、桟橋の近くの旅館が会場でした。早く着いたので島を散策しました。お土産物や食事などのお店は新しくなっていましたが、鳥居や砂浜など昔のままで懐かしく感じました。同窓会の翌日は、同級生みんなで厳島神社にお参りしました。お土産にお守りと紅葉まんじゅうを買って帰りました。広島県人にとって、懐かしい場所の一つです。
広島,60代,男性,2018-09,友達,良い,大聖院の戒壇めぐりがすごい！,"　20年ほど前ですが、善通寺（香川県）戒壇めぐりを体験したことがあります。
　「それに比べればショボかも？」と思って臨みましたが、決して負けていないと思いました。
　本来は、精神修養の場ということですが、堅苦しく考えずに是非体験されることをお勧めします。　"
広島,20代,女性,2018-09,家族,良い,食べ物,岩村もみじ屋でもみじまんじゅうを買って食べた。ガラス越しにもみじ饅頭を作っている姿が見られるお店の構造になっている。焼きたてのもみじ饅頭を食べることができるため、とてもおいしかった。並んでいる人も多かったので人気のお店なのかな、と思った。後から調べると、つぶもみじ発祥の地らしくおいしいと有名なお店だったので納得した。どれも100円とお手軽に買えることができ、お茶も無料で提供してくださるため、ぜひ訪れてほしい。
広島,50代,男性,2018-08,友達,とても良い,神社、お寺巡り,厳島神社や五重塔など魅力的な文化遺産が多数あり、色々と巡りました。何日かかけてそれらの文化遺産を巡ることをお勧めします。
広島,20代,男性,2018-08,家族,良い,宮島の牡蠣屋　,牡蠣屋は牡蠣料理専門店です。表参道の真ん中らへんにあります。牡蠣専門店なので牡蠣しかありませんが、お酒は安いので、お酒が飲めて牡蠣が食べれる人にはお勧めです。ただ食べ過ぎには注意ですね。牡蠣に罪はない！
広島,10代,男性,2018-08,友達,良い,宮島の魅力,"私は、学校行事で宮島に観光に行ったのですが、牡蠣やちくわ天などとても食べ物がおいしかったです。また、お土産としてはもみじ饅頭などが人気です。
自分たちが普段住んでいる場所とは違った雰囲気を楽しむことができるのでお勧めです。ぜひ宮島に行ってみてください。"
山口,10代,女性,2018-08,家族,とても良い,家族で宮島水族館観光,"夏のちょうど暑い時期に訪れた。主な目的は宮島水族館を観光。
山口市からJRで宮島口駅に行き，船で島に行った。水族館までは船着場から徒歩で行った。歩くペースにもよるが徒歩だと水族館まで行くのに1時間程度かかった。そして同じ手段で帰った。
宮島水族館では、人気者のスナメリに沢山の人が集まっていた。夏休みの時期なのも相まって親子連れが多い印象だった。水族館のペンギンコーナーを通りかかった時にちょうどペンギンの餌やりの時間に出くわし、とてもかわいかった。餌やりの時間を見るために来館する時間をずらすものありだろう。この水族館は展示の仕方がかなり工夫されており見ていて飽きないような設計になっていた。その時は期間限定でドクターフィッシュによる足湯をやっていて、親子連れからお年寄りまで多くの人が足湯を利用していた。
観光客向けのお店が多くにぎやかな声掛けがたくさん聞こえた。水族館の帰りに肉まんを買い食べ歩きした。"
広島,20代,女性,2018-08,友達,とても良い,食べ歩きが最高です♪,職場の後輩と遊びに行きました。久しぶりの宮島でしたが、以前利用した時には無かったようなお洒落なカフェが沢山できていて驚きました。もちろん昔ながらのお店や景色もあるので、なんだか懐かしい気分になりつつ食べ歩きを楽しみました。わたしの一押しは”あげもみじ”です。サクッとした温かい生地と、餡子やクリームが普段のもみじ饅頭とはまた違う美味しさを感じられて最高です。次回は観光だけでなく宿泊も一緒に利用できたらなと思います。
広島,20代,女性,2018-06,友達,とても良い,観光と合宿,"私は、2018年度に2回宮島を訪れました。
1回目は「観光」で、2回目は大学の「合宿」です。
1回目の「観光｣では、友人と宮島に行くことで特に目的も決めずに上陸しました。私と友人は、愛媛出身で宮島の何がおすすめかを理解していなかったため、道沿いにある商店街で牡蠣を食べたり、揚げもみじを食べたりという「食べ歩き」がメインでした。
2回目の「合宿」では、2.3年生の先輩方との交流を深めるために訪れました。特に印象に残っていることは、宮島を探索する企画で大聖院に行ったことです。アンパンマンやカッパの石像があり、不思議な感覚になりました。また、道外れのトンネルやジェラート屋さんなど知っている人から教えてもらわないと発見できないお店や景色が沢山あるのでとても充実した時間だったように思います。
この2回を通して、観光客の方にお伝えできることは、宮島は食べ歩きや参拝以外にもたくさんの発見ができる場所と言うことです。商店街や神社以外にも、「紅葉橋」「もみじ饅頭作りが出来るお店」「BEAMSJAPAN」など、探してみないと分からない場所が沢山あるので、穴場スポットなどを調べて探検してみると楽しいかも知れないです。景色も綺麗なので、カメラが好きな方にもおすすめしたいです。
"
広島,40代,女性,2018-05,家族,良い,地元民のワンオペ育児のGW,"生まれも育ちも広島です。GWは日和が良いので、小学校中学年と低学年の子どもを連れて各自水筒を持たせて一緒に宮島へ行きました。ワンオペ育児中の連休の過ごし方としては、良い半日になりますよ。宮島口で駐車し、後はフェリーで島まで。
デッキで3人で気持ち良い風を感じました。船酔いしなかったです。島に着いたら、鹿と戯れながら、海沿いを歩き宮島水族館まで長い道のりを歩きます。着いたら、瀬戸内海の海洋生物もみれ、アシカショーもあり、ヒトデとか触れる池もありそこで約2時間は楽しみました。
帰り道は厳島神社に参拝し、その日は干潮で歩いて、鳥居を間近で観れました。
長い距離を歩くので、観光地だから連なるお店のお昼と焼き立てのもみじまんじゅうやあげもみじを食べ休憩を取りながら過ごしました。
我が家は夫から1度もお出掛けをしようとしないので、私はいつも困るのですが、これ位の年齢の子には宮島って楽しい事満載。私も歩くと程よい運動になり、充実したGWのアクティビティになりました。
"
広島,10代,男性,2018-04,友達,とても良い,しゃもじ制作,高校のオリエンテーションで訪れ、クラスの皆でしゃもじ制作をした。制作と言ってもしゃもじに焼き印を押すだけだったが、コツを教えてくださるのであまり失敗はしなかった。焼き印の種類が豊富で世界でい戸津野しゃもじを作ることができる。
広島,30代,男性,2018-04,小さなお子様連れ,良い,小旅行,水族館は意外と遠くて子供連れは大変。覚悟が必要でした。
広島,20代,女性,2018-04,友達,とても良い,宮島訪問,海岸にあるスペースでBBQをしました。初めて行きましたが歩いていくと割と距離があって、坂道も多くしんどいです。BBQのセット貸し出しをしてくれるところもあり、良かったです。海がとても綺麗で楽しくBBQができました。また、宮島にできたスターバックスコーヒーに初めて行きました。とても綺麗で良かったです。にぎり天が好きで宮島に行ったらよく食べます。にぎり天のねぎたこが美味しいです。鹿の糞がところどころにあるので注意が必要です。またビニール袋とかを持ってたらよく近づいてくるのでそこも注意が必要です。広島に住んでいてもたまに行きたくなります。
広島,30代,男性,2018-03,友達,良い,平日のまた違った姿,"旅行ということで多くは休日に訪れることになりますが、平日がやはりおすすめです。
フェリーが混雑することもなく、また、島内も混まないためゆっくり過ごすことができます。

弥山の展望台まであがってそこからの光景はひととおり見渡せるので気持ちいいです
疲れれば帰りはロープウェーで。
商店街にあるやまだ屋だったとおもいますが、そこのはちみつをお土産で買って帰りお湯で割って飲むとおいしいです！"
広島,40代,男性,2018-02,ビジネス,とても良い,しゃもじ,家族へのおみやげを探していたところ、おみやげ屋で宮島のしゃもじに名前を入れオリジナルしゃもじをつくることができた。筆書きのきれいな文字で入れてもらい、今も大事に使ってもらっている。様々なサイズがあり、小さいものはキーホルダータイプなので持ち運びにも便利だった。
広島,20代,男性,2018-02,友達,とても良い,神社に参拝＆美味しいグルメで宮島堪能日帰り旅,"高校の友人が久々に広島に集まり、「そうだ 宮島、行こう」となり広島市内から4人で向かいます。
JRで宮島口駅に向かい、宮島口からフェリーで15分、13時半に宮島到着。

お腹をすかせた我々は商店街にある「紅葉堂」の揚げもみじを買い、出来たてアツアツのうちに早速いただきます！
あんこ以外にもチーズやクリームなど味のバリエーションがあるので、色んな人が楽しめます。

小腹を満たしつつもさらにガッツリ食べたい我々は、14時頃に「いな忠」であなごめしをいただきます！老舗っぽいTHE和風な店内です。
ふっくらとした穴子にタレの香りがたまらない逸品です。

15時すぎに厳島神社を参拝、おみくじを引きましたが吉凶未分で独特なおみくじです。
満潮ではなかったのですが、鳥居の根元は水が引いておらず、鳥居の近くまでは歩けませんでした。ただそれでも鳥居が海の上に佇む景色は圧巻で、唯一無二の美しさです。

続けてその先の清盛神社も参拝、おみくじを引いて吉でした。
清盛神社からは厳島神社の裏側を通って商店街方面へ戻っていきます。落ち着いた風情ある町並みでノスタルジーな気分を味わえます。
厳島神社と商店街の間にある高台に階段で登ります。間近で見る五重塔は壮観です。

五重塔から再び商店街に戻り、焼き牡蠣を店頭で食べられるお店を発見したので、プリップリの焼き牡蠣をいただきます！七味やレモン汁など調味料も置いてあるので、自由に味変できます！
周辺のお土産屋さんで各自お買い物をして16時半に宮島からフェリーで本土に帰りました。

こうして短時間ではありましたが、宮島グルメを堪能しつつ、神社にばちこり参拝して、素晴らしい景色を見ることができた良い日帰り旅でした。
宮島でフェリーを降りてからは徒歩が基本ですが、屋台や土産物のお店が立ち並んでおり、常に美しい景色を楽しめるので、歩くのは苦にならず楽しく回れますよ！
宮島って島だから少し遠いと感じていましたが、広島市内から1時間ほどで行けるので「そうだ 宮島、行こう」と思い立ったらすぐ行ける近さも魅力です。"
広島,20代,男性,2018-01,友達,とても良い,必勝祈願,部活で必勝祈願でいきました。
広島,50代,男性,2017-12,友達,とても良い,牡蠣料理専門店で昼食を楽しむ,牡蠣料理専門店で、焼きがきやかきフライなどの昼食を取りました。予約してもらえていたので、すぐに席に着くことができました。宮島で研究発表会があったので、研究発表する仲間と一緒です。仕事がなければ、ビールか日本酒も欲しいところです。料理はとてもおいしく、観光地としては値段も手ごろでした。
千葉,40代,女性,2017-10,ビジネス,良い,人気観光地,とても混んでいてビックリしました。人気観光地ですね。
広島,20代,女性,2017-08,友達,良い,宮島観光,"夏に厳島神社観光のため家族・親戚とともに訪問。
潮は引いていたが鳥居に近づくことはせず、遠くから写真を撮るのみ。
鹿は人に慣れていて、買ったアイスクリームを狙われ地面に落としてしまったことがある。
観光客もおり、ほとんどは家族連れだった。
この日はほぼ毎年行われていた宮島水中花火大会の日で、夕方から夜にかけてとても混んでいたが、わりとどの位置でも花火はきれいに見えるかと思われる。
花火は距離が近いように感じられ、とても迫力があってよかった。
花火大会の日はかなり混むのでなるべく軽装で来た方が良いと思われる。"
山口,40代,男性,2017-07,家族,とても良い,瀬戸内海を満喫,3度目の訪問でしたが、何度訪れても、満足度が高い観光地です。船で島に渡るだけで旅気分が高まりますし、お店の数が多く、あちこちの店で興味のあるものを選んで食べ歩きできるのも宮島観光の魅力です。また、潮の満ち引きによって変化する鳥居と社殿の風景には、毎回驚かされます。
広島,20代,男性,2017-07,家族,とても良い,最高の島、宮島,揚げもみじを食べた時は普通のもみじ饅頭との違いに衝撃をうけました。
広島,20代,男性,2017-05,友達,とても良い,食べ物が美味しい,高校の遠足で行ったことがあるが食べ物が本当に美味しく、牡蠣や揚げもみじなどはもちろん様々な食べ物や料理があり、飽きることがない。人によるかもしれないが値段もそこまで高い印象はなく、お手頃な価格で売っているイメージがある。友達と回っていて歩き疲れたので喫茶店に入って休憩し、クリームソーダを頼んだがとても絶品で美味しかった。宮島はとてと良いところだが歩いていたら疲れるのでこまめに休憩しながら回った方がいい。
広島,10代,男性,2017-05,友達,とても良い,宮島の食べ物,"私は、学校の行事で宮島を訪れたのですが、おいしいものが多いという印象が強かったです。まず、屋台のちくわ天を食べて、その次に揚げ紅葉を食べました。ほかにも、穴子や牡蠣、もみじ饅頭など何度も宮島に行ったことのある人でも、何度もおいしいと感じることができる食べ物がとても多いです。
また訪れたいと思います。"
広島,20代,男性,2017-05,友達,とても良い,注意点,宮島は見るものがとても多く、楽しいところですが、注意点としては鹿のフンが所々に落ちているので歩く時は気をつけた方がいい。また、鹿は何でも食べるので気をつけた方がいい。
広島,20代,男性,2017-04,友達,良い,広島で有名な食べ物が多い,宮島にフェリーで降りると、すぐに牡蠣を販売しているお店があり、そこで焼き牡蠣と生牡蠣を食べました。広島は牡蠣が有名で、観光名所にこのようなお店があるのは素晴らしいと思いました。
京都,30代,男性,2017-04,一人,とても良い,また行きたい,"春の快晴の日に来訪．主に厳島神社観光のため．
(行程) 広島市からJRで宮島口駅に行き，船で島に行った．1時間程度滞在して同じ経路で広島市に戻った．
(厳島神社) 潮が引いていたため鳥居の足元まで歩けた．小銭がたくさん落ちていた．時間帯によってはおそらく海水位が上がるため，巨大鳥居の下まで行きたければ天気予報で干潮の時間帯を調べて狙うと良い．
(鹿) 人に慣れている鹿がたくさんいた．奈良公園と違って鹿せんべいは売ってなかった気がする．
(お店) 観光客向けのお店が多くあった．宮島ビールのペールエールと肉まんを食べ歩きした．他にはもみじ揚げなどがあった．"
広島,20代,男性,2017-03,家族,普通,美味しかった牡蠣,観光地なので物価が高く、あまりお金を持っていない私としてはあまり買うことや食べることが出来なくて、水族館にも行けませんでした。まずスタバがあったことに驚きでした。そこで人生はじめてのスタバを飲みました、とても美味しくいただきました。牡蠣が4つか5つあってそれを何で味付けをするか選べてそれがとても美味しくて、宮島行く度に買っていました。毎回食べているのでいろんな味付けを食べたんですが一番美味しかったのは醤油マヨで味付けをした牡蠣が1番美味しかったです。確かテレビにも紹介されてたと思います。
広島,30代,女性,2016-09,友達,良い,四季を楽しむのにとても良い場所,"春夏秋冬一年を通して楽しめる場所ですが、特に秋がオススメです。
目の前いっぱいに広がる紅葉がとても綺麗です。様々な場所で紅葉を楽しめるので、自分だけの特別な場所を見つけてみてはいかがでしょうか。
また、秋ではありませんが、弥山の頂上から眺める初日の出は見事でした！
頂上へはロープウェイもありますが、歩いても登れます。登山未経験の私も少しキツかった時もありますが、登ることができました。歩いて頂上目指される際は登山経験者の方とご一緒に行かれることを推奨します。
自然を満喫できる宮島の魅力、今後も発見していきたいです。"
広島,20代,男性,2016-08,友達,普通,コンビニやゴミ箱がない,"宮島島内にはコンビニが一軒もないので注意してください。当時、それを知らずに島を渡ってしまい、困りました。駅の宮島口を出てすぐそばにコンビニがあるので、コンビニで買っておいておきたいものがある場合は島を渡る前に行きましょう。
また、鹿がいたずらしてゴミをあさって食べないように、宮島島内には基本的にゴミ箱がありません。宮島では食べ歩きをすることが多いので、どうしてもゴミが出てしまいます。なので、ゴミ袋を持っていくのが良いでしょう。"
広島,20代,男性,2016-05,友達,とても良い,鹿に注意！,"　宮島には至る所に鹿がいる為、食べ物を持ち歩く際は十分に注意する必要があります。
　袋に入っている食べ物でも匂いで食べられることがあります。"
広島,40代,女性,2016-05,ビジネス,とても良い,宮島再発見ツアー,厳島神社をはじめとした宮島の史跡めぐり、もみじ饅頭焼き体験など、世界遺産”宮島”を気の合う仲間と一緒に体験、再発見してみませんか。
選択しない,選択しない,男性,2016-02,選択しない,良い,冬の宮島観光,冬に宮島に行ったので、牡蠣を食べた。旬のものであったからか、大きくてとてもおいしかった。牡蠣小屋で食べたのだが、殻を外すのに慣れたころに時間が終わるので、イメージトレーニングをしてもよいかもしれない。あとは、店がたくさんあるところを回って、もみじ饅頭などを買った。個人的には、普通のもみじ饅頭より、やき餅咲ちゃんや、桐葉菓 が好き。どちらもモチモチしているので、そういう触感が好きな人にはオススメ。
広島,40代,男性,2016-01,家族,とても良い,様々な非日常を体験できる！,"厳島神社を代表とする神社仏閣などの伝統的な文化を体験できるほか、包ケ浦での釣りやキャンプ、バーベキュー、弥山への登山など自然を満喫することもできます。シーカヤックや船での観光では、ほとんど手付かずの原生林も見学できます。もみじ饅頭、あなご飯などの食事も魅力ですし、おしゃれなカフェも多くあります。春の桜、秋のもみじなど、どこをとっても画になる地だと思います。
そんな中でも、一番の魅力はライトアップされた五重の塔など、夜の街並みです。昼の雑踏とは違い、人の少なくなった、夜の風情ある景色は島で宿泊しないと味わえません。ぜひ、島で宿泊して、夜散歩していただきたいです。素敵な非日常が味わえると思います。"
山口,20代,男性,2015-08,友達,とても良い,花火大会,私は親友と親友の彼女とその友達の4人で花火大会を見に行きました。とても人が多く、フェリーに乗れず詰むことがあるので、午前中に宮島に渡りました。島の中でお祭りの屋台が出ていたのでみんなで周りました。親友と射的勝負をしてとても盛り上がり勝ちました。コアラのマーチなどは的の上側に当てるとちゃんとGetできました！そのあと、水族館をめぐりお決まりのデートコースを制覇して、花火が上がる10分前くらいにフェリー乗り場へ向かうとフェリーの上で花火を見れます。当然、宮島駅前は人が密な状態なので花火を見ながら駅に向かいます。この日はまだ花火が上がっている最中に電車に乗ることができたので花火を最後まで楽しみながら、かつ満員電車のストレスもなく帰路につけたのて最高でした。
広島,20代,男性,2015-08,友達,良い,食事,"食べ物がとにかく美味しい。牡蠣を販売している店が多くあり、店によって焼き加減や味の種類が違うため、牡蠣の食べ比べをするだけでも充分満足できる。秋頃には紅葉が綺麗なスポット（なんと言う場所か名前は覚えていない）があるため、宮島の美しさをより鮮明に認識できるのではないかと思う。
建造物の美しさだったりを楽しむのも良いが、個人的には食に着目して足を運ぶ場所だと思っている。"
東京,20代,男性,2015-08,一人,とても良い,さすが,"厳島神社が有名であるからなんとなく行ったけど、今のご飯も美味しいし楽しい！
厳島神社は荘厳な雰囲気だったしカメラ持って行きたかった"
愛知,50代,男性,2015-01,一人,とても良い,少しでも外れると静かです,宮島というと厳島神社がメインに行かれて、桟橋から神社までの参道で買い物や飲食される方が多いかと思いますが、広島勤務中に広島出身の同僚から聞き、実際に行き、気に入ったところは、岩村もみじ饅頭と大聖院です。岩村もみじ饅頭は厳島神社の出口からすぐのところにあり、つぶあんのもみじ饅頭が有名ですが、ここではできたてを出してくれ、お茶もいただけて、参拝後の休憩にもってこいです。それと、大聖院へ上がっていくと、厳島神社を見下ろし、対岸の廿日市市街もきれいに見渡せ、薬効のあるお茶のおもてなしもあり、落ち着けます。昼間は混雑している厳島神社ですが、朝や夕方は静かに参拝できるので、お勧めします。
東京,30代,男性,2015-01,友達,とても良い,杓文字のお守り,初詣で訪れました。厳島神社に参拝しお賽銭をそっと投げ入れ、健康を祈ってきました。その後穴子飯を食べました。出店にお守りを売っているところがあり、小さい杓文字の裏に自分の好きな漢字2文字を書いてもらえるところがあり、今でも使っているほど満足しています。宮島の鹿はプラスチック以外は食べるので、注意です。
広島,50代,男性,2014-08,ビジネス,とても良い,レジャーでも楽しい,観光客でにぎわう名所だけでなく、バーベキューができる公園などもあり、レジャーでも楽しめる場所。土産物店が多く軒を連ねているところも楽しいですが、広島県人は、何度も訪れることから、レジャーで何度訪れても楽しめることがわかれば、広島県人のリピーターも増えるのではないかと思います。こうしたことが広く知られるといいと思います。
広島,10代,女性,2014-05,友達,とても良い,小学校の修学旅行で,小学校の修学旅行以来行っていないのであまり覚えていませんが、グループで自由行動をしたときに食べたイチゴのかき氷がとてもおいしかったのを今でも覚えています。たしかイチゴをそのまま凍らせたものを削っていた記憶があります。
山口,50代,男性,2014-03,家族,とても良い,結婚式を見かけました,港から厳島神社に向かう途中で、結婚式に遭遇しました。式を挙げる二人が人力車に乗って神社に向かうところでした。桜満開の時期で観光客も多く、祝福の拍手が響いていました。
広島,20代,男性,2013-07,友達,良い,修繕前の厳島神社,修繕前の厳島神社は貫禄があった。
広島,20代,男性,2012-07,家族,普通,宮島について,宮島は観光客と鹿が多く、動物が苦手でなければ楽しめる場所だと感じた。
神奈川,50代,男性,2012-03,一人,とても良い,焼き牡蠣,約10年前に一度訪問しただけですが、路上で売られていた焼き牡蠣が大きくて美味しかったのが強く印象に残っており、また食べに行きたいです。天気に恵まれたせいかフェリーでの移動も気持ち良く、機会があれば海外の友人たちを案内したい場所の一つです。
広島,60代,男性,2012-01,家族,良い,いいね！宮島,"新年の初登山で弥山に行きました。大聖院コースから山頂に向かい、大元コースを下山しました。昼食は大元公園で食べ、お土産に藤井屋のもみじ饅頭を買ってかえりました。
"
東京,30代,男性,2012-01,友達,とても良い,お参りと文化遺産探訪とうまいもの（と日本酒）を同時に味わえます,"広島に転勤した友人を訪ねたので、ついでに宮島観光に行ってきました。見所は当然ながら厳島神社です。海辺にそびえ立つ鳥居の迫力は圧巻の一言です。自分が言ったときは干潮時で鳥居のそばまで行くことができました。また満潮時には違う顔を見せるとのことで、次回訪れる楽しみもあります。神社の境内も趣深く、歴史的な建造物を見るのが好きな方にはお薦めです。
同時に周辺のお店の店頭で焼きたての牡蠣を食べられるのは観光地ならではですね。それと、焼きたてのもみじ饅頭や揚げもみじ饅頭なども店頭で食べました。もちろん、広島市内での飲食店でも食べられるものばかりですが、観光地を散策しながら店頭で食べるのはまた違った醍醐味がありました。
それと宮島では無いですが、周辺観光として西条にも行ってきました。酒蔵の街なので、当然飲み歩きになりますが、水自体が美味しい場所であり、とても飲みやすい日本酒ばかりで、3本ほど700ml瓶を購入してしまいました。全ての酒蔵は回れなかったので、またの機会に訪れたいところです。
周辺観光も含め、1回の滞在では回りきれない観光地だったので、また折をみて訪れたいと思います。"
広島,10代,男性,2010-10,友達,普通,多様な文化を体験できる,友達との遠出のために宮島へ赴いた。非常に綺麗で荘厳な雰囲気を島全体から感じ取ることができた。様々な出店が位置し、シカと触れ合える環境は子供にとって最も有意義な時間になる。また、厳格な造りに丁寧な創造性を感じ取ることのできる鳥居、五重塔などを拝見できる。宮島にある水族館では、愛嬌のあるスナメリや触れ合い楽しめるカワウソの展示などがある。競艇を見て楽しめるスポットも存在し、そのスピード感と白熱した競争は非常に見応えのあるものだった。
広島,10代,男性,2010-08,家族,良い,宮島に行ってみて,とてもいいところでした。
広島,20代,男性,2010-07,家族,とても良い,宮島の注意点,注意点として、鹿のフンが至る所に落ちているので、白い靴などで行く際には注意が必要です。また、フェリーを使わないといけないので、船酔いなどをよくしてしまう方などは対策として薬を持っていく必要がある
広島,50代,男性,2010-05,家族,とても良い,弥山に初めて登る,"小学生の息子と弥山に登りました。行きはロープウェイで登りました。天気が良く、素晴らしい景色を堪能することができました。

ロープウェイを降りた場所から弥山の山頂を目指しました。思っていたより、険しい道でした。珍しい形の大きな岩を楽しむことができます。山頂の展望台は傷んでいました。

山頂からロープウェイまで戻るのも大変なので、地図を見ながら、歩いて降りることにしました。三つのルートがあり、真ん中の一番メジャーそうなルートを選びました。急な坂道が多く、膝がガクガクしました。小学生の息子のほうが元気です。台風で崩れたらしい場所があり、びっくりしました。自然に配慮して修復されているように感じました。宮島の自然は素晴らしいと聞いていましたが、災害があったとはまったく知らず、降りる途中で見学できたので、いろいろ勉強になりました。"
広島,50代,男性,2010-05,家族,とても良い,焼きがきのはやしで焼きがきを食する,るるぶなどに大きく広告が載っている「焼きがきのはやし」という店はいつも混んでいて入ったことがありませんでした。小学生の息子と弥山に登ろうと宮島へ来た日は、ちょうど店が開くころで、せっかくなので、「焼きがきのはやし」で焼きがきを食べてから弥山に登ることにしました。値段は観光地料金と思いましたが、かきの身が大きくおいしかったので、満足しました。
広島,50代,男性,2010-05,家族,とても良い,大聖院を見学する,小学生の息子と始めて弥山に登り、真ん中のルートを歩いて降りてくると、大きなお寺がありました。事前に何も調べていませんでしたが、せっかくなので、お参りしていくことにしました。宮島にはお墓はないと聞いていたのですが、神社だけでなく大きなお寺があるのだとびっくりしました。説明を読むと、大聖院という大変由緒あるお寺のようでした。疲れていたので、全部を丁寧に見ていませんが、また改めて見学してみたい場所です。
東京,30代,女性,2009-09,家族,とても良い,厳島神社,2009年に宮島に初めて行った際は、厳島神社の水の印象が強かったです。潮が満ちていたので、建物の中まで水が入っていて、大変びっくりしました。夜はボートに乗って鳥居のそばを観光しました。鎌倉市出身なので、源平合戦のイメージがあり、歴史に思いをはせるのが楽しかったです。しかしその時にはまだ厳島合戦のことを知らなかったので、後でそちらの関係の本を読んだとき、また行かないと！と思いました。もみじ饅頭もおいしかったです。
広島,20代,男性,2009-07,家族,良い,宮島の観光口コミ,広島のイメージといえば、牡蠣ともみじ饅頭だが、宮島ではそれら二つが多くのお店で売られていた。牡蠣では、牡蠣屋という牡蠣メインのお店があり、その場ですぐ牡蠣の美味しさを知れた。また、紅葉堂本店では、揚げもみじ饅頭という宮島ならではのもみじ饅頭を食べることができ、普段とは違うもみじ饅頭と油の相性の良さが実感できた。
広島,10代,男性,2008-11,家族,とても良い,世界遺産,"宮島口からフェリーに乗り宮島に着きました。日本人より外国の方々の方が多くビックリしました。
島には世界遺産の厳島神社やお土産物屋さんがあり楽しめました。
よかったです。"
長崎,40代,男性,2008-08,一人,とても良い,潮の満ち引きで姿を変える厳島神社,厳島神社は潮の満ち引きで違った姿を楽しめます。しかし、1日で満潮と干潮を楽しみには6時間滞在する必要があります。そこで、体力に自信がある方は、ご神体の弥山に登ってみるのはいかがでしょうか。標高535ｍ、山頂まで2時間程度ですので、拝殿の下まで海水が入り込んだ満潮の時間に参拝してから登ると、帰ってくる頃には潮が大きく引いていて、不思議な感覚を覚えることでしょう。ひとつ注意したいのは、標高535ｍと聞いて楽勝と思う方がいそうですが、桟橋の海抜は0ｍですので意外とハードかもしれません。不安のある方は、ロープウェイの利用も検討しましょう。夏でしたら、下山した後、そよ風が吹き込む千畳敷で昼寝するのも素敵です（10年前の話なので、できなかったらゴメンナサイ）。
愛媛,50代,男性,2008-08,ビジネス,とても良い,街並み,観光気分を味わえる。街並みが綺麗である。
広島,50代,男性,2007-09,家族,とても良い,宮島へ,"広島で働くことが決まったので、家族で広島を見学に来ました。せっかくなので、観光地の宮島へ行きました。JRのフェリーで行ったので、鳥居が良く見えました。

奈良公園にいる鹿が宮島にもいたので、小学生の息子二人に奈良に似ているねと言いました。奈良公園と違って、鹿せんべいはありませんでした。

鳥居の近くまで行くことができたので、小学生の息子は喜んでいました。潮の満ち引きで、景色が変わるため、時間があればゆっくり過ごすと良さそうです。桜やもみじも有名なので、季節の違いも楽しんでみたいです。"
広島,10代,男性,2003-12,家族,普通,可もなく不可もなく,幼い頃に行くのは楽しいが大学生、社会人になるにつれ行く意欲が湧かない
広島,10代,男性,2001-12,カップル・夫婦,とても良い,宮島はとてもいい場所！！！！,シカが可愛かった❤
広島,20代,男性,2000-09,友達,とても良い,8年ぶりの宮島,"宮島は食べ歩きのイメージが強い観光地だったのですが、イメージ通り食べ歩きができる飲食店ばかりで、満足できました。
印象に残っているのは「GEBURA」という飲み物を販売しているお店です。そのお店は、初回購入時に渡される容器を再度お店に持っていくと一定価格でおかわりをすることができます。その仕様が、容器のポイ捨て防止に貢献していると個人的に感じました。また、ソフトドリンクだけではなくお酒も販売しており、年齢層にとらわれずに誰もが楽しめるお店だという印象を受けました。"
